employeeID,worker_id,name,startDate,endDate,responsibilitiesAndAchievements,skillWorkdayID,company,enteredOn,jobTitle,source_descriptor,external_job_descriptor
894756,5e12f540-8db1-44e8-99f3-d5ff4c5b4d99,John Doe (894756),3/15/2021,,"Developed and maintained scalable software solutions. Collaborated with cross-functional teams to define, design, and ship new features. Ensured the performance, quality, and responsiveness of applications. Identified and corrected bottlenecks and fixed bugs.",1a2b3c4d-5e6f-7a8b-9c0d-1e2f3a4b5c6d,Northwind Traders,4/1/2023,Mid-Level Software Engineer,Self,Mid-Level Software Engineer
894756,5e12f540-8db1-44e8-99f3-d5ff4c5b4d99,John Doe (894756),8/1/2019,3/14/2021,"Participated in the full software development lifecycle, from concept to deployment in a collaborative environment. Implemented backend services for web applications. Wrote clean, maintainable code and performed peer code-reviews.",1a2b3c4d-5e6f-7a8b-9c0d-1e2f3a4b5c6d,Acme Corp,4/1/2023,Software Engineer,Recruiting,Software Engineer
475839,8f4d5aef-7b4d-4e4d-9f5d-9d3c9a2d9a4b,Jane Smith (475839),3/15/2021,,"As a Senior Scrum Master, facilitated daily scrum, sprint planning, sprint demo, and retrospective meetings. Coached and mentored multiple scrum teams in Agile methodologies, improving their velocity by 25%. Ensured adherence to Agile practices and incorporated security protocols into the development lifecycle, enhancing product security.",a1b2c3d4-e5f6-7g8h-9i0j-k1l2m3n4o5p6,DataXperts,4/1/2023,Senior Scrum Master,Self,Senior Scrum Master
475839,8f4d5aef-7b4d-4e4d-9f5d-9d3c9a2d9a4b,Jane Smith (475839),1/7/2019,3/14/2021,"Managed the role of Scrum Master for a mid-sized development team, ensuring the integration of security measures into the software development process. Led the team through successful completion of complex projects with a focus on secure coding practices and vulnerability assessments.",a1b2c3d4-e5f6-7g8h-9i0j-k1l2m3n4o5p6,ACME Corp,4/1/2023,Scrum Master,Talent Review,Scrum Master
582947,7a1b3f50-4f89-11d3-9a0c-0305e82c3301,Jim Brown (582947),3/15/2021,,Lead complex data science projects in the healthcare sector. Developed predictive models for patient outcomes and operational efficiency. Implemented machine learning algorithms to analyze large datasets. Published research on the use of AI in early disease detection.,2c2b3f50-4f89-11d3-9a0c-0305e82c3301,Northwind Traders,4/1/2023,Senior Data Scientist,Talent Review,Senior Data Scientist
582947,7a1b3f50-4f89-11d3-9a0c-0305e82c3301,Jim Brown (582947),8/1/2017,3/14/2021,Designed and implemented data analytics frameworks for healthcare data. Conducted statistical analysis to improve patient care and reduce costs. Collaborated with cross-functional teams to integrate data science into clinical decision support systems.,2c2b3f50-4f89-11d3-9a0c-0305e82c3301,MedTech Innovations,4/1/2023,Data Scientist,Self,Data Scientist
169485,123e4567-e89b-12d3-a456-426614174000,Jill Taylor (169485),5/1/2021,,"As a Data Analyst at Booz Allen Hamilton, I have been responsible for designing and implementing complex data models to support business decisions. I have developed expertise in data visualization, creating interactive dashboards and reports that have been instrumental in strategic planning and operational efficiency improvements. My achievements include optimizing data workflows, which resulted in a 20% reduction in processing time, and leading a cross-functional team to integrate new data sources that expanded our analytics capabilities.",456e4567-e89b-12d3-a456-426614174000,Northwind Traders,4/1/2023,Data Analyst,Self,Data Analyst
169485,123e4567-e89b-12d3-a456-426614174000,Jill Taylor (169485),3/1/2019,4/30/2021,"As a Data Analyst at Initech, my role involved extensive data cleaning, analysis, and visualization to support marketing strategies. I developed a series of predictive models that enhanced customer targeting by 15% and was recognized for my innovative use of visualization tools to convey complex data insights to non-technical stakeholders, which significantly improved project outcomes.",456e4567-e89b-12d3-a456-426614174000,Initech,4/1/2023,Data Analyst,Talent Review,Data Analyst
374859,6f2504e0-4f89-11d3-9a0c-0305e82c3301,Jack Temp (374859),3/15/2021,,"Lead cross-functional teams using agile methodologies to deliver high-quality software products on time and within budget. Facilitated daily stand-ups, sprint planning, retrospectives, and demos. Coached teams in Scrum practices and improved processes that increased efficiency by 25%.",8c9a3f60-4f89-11d3-9a0c-0305e82c3301,Northwind Traders,4/1/2023,Project Manager,Talent Review,Project Manager
374859,6f2504e0-4f89-11d3-9a0c-0305e82c3301,Jack Temp (374859),1/10/2019,3/14/2021,"Managed multiple large-scale projects, ensuring the application of agile methodologies. Oversaw project lifecycles from initiation to closure, ensuring stakeholder satisfaction. Implemented risk management strategies that reduced project risks by 30%.",8c9a3f60-4f89-11d3-9a0c-0305e82c3301,Tech Solutions Inc.,4/1/2023,Senior Project Manager,Recruiting,Senior Project Manager
